time,rainfall
2021-06-03 00:22:00,0.0
2021-06-03 00:23:00,3.333
2021-06-03 00:24:00,0.833
2021-06-03 00:25:00,
2021-06-03 00:26:00,0.833
2021-06-03 00:27:00,0.833
2021-06-03 00:28:00,0.833
2021-06-03 00:29:00,0.833
2021-06-03 00:30:00,0.833
2021-06-03 00:31:00,0.833
2021-06-03 00:32:00,1.111
2021-06-03 00:33:00,1.111
2021-06-03 00:34:00,1.111
2021-06-03 00:35:00,1.667
2021-06-03 00:36:00,1.667
2021-06-03 00:37:00,1.111
2021-06-03 00:38:00,1.111
2021-06-03 00:39:00,1.111
2021-06-03 00:40:00,1.667
2021-06-03 00:41:00,1.667
2021-06-03 00:42:00,3.333
2021-06-03 00:43:00,1.667
2021-06-03 00:44:00,1.667
2021-06-03 00:45:00,1.667
2021-06-03 00:46:00,1.667
2021-06-03 00:47:00,1.667
2021-06-03 00:48:00,1.667
2021-06-03 00:49:00,1.667
2021-06-03 00:50:00,1.667
2021-06-03 00:51:00,1.111
2021-06-03 00:52:00,1.111
2021-06-03 00:53:00,1.111
2021-06-03 00:54:00,1.667
2021-06-03 00:55:00,1.667
2021-06-03 00:56:00,1.667
2021-06-03 00:57:00,1.667
2021-06-03 00:58:00,3.333
2021-06-03 00:59:00,1.667
2021-06-03 01:00:00,1.667
2021-06-03 01:01:00,1.667
2021-06-03 01:02:00,1.667
2021-06-03 01:03:00,0.833
2021-06-03 01:04:00,0.833
2021-06-03 01:05:00,0.833
2021-06-03 01:06:00,0.833
2021-06-03 01:07:00,1.111
2021-06-03 01:08:00,1.111
2021-06-03 01:09:00,1.111
2021-06-03 01:10:00,1.111
2021-06-03 01:11:00,1.111
2021-06-03 01:12:00,1.111
2021-06-03 01:13:00,0.667
2021-06-03 01:14:00,0.667
2021-06-03 01:15:00,0.667
2021-06-03 01:16:00,0.667
2021-06-03 01:17:00,0.667
2021-06-03 01:18:00,1.667
2021-06-03 01:19:00,1.667
2021-06-03 01:20:00,1.111
2021-06-03 01:21:00,1.111
2021-06-03 01:22:00,1.111
2021-06-03 01:23:00,1.667
2021-06-03 01:24:00,1.667
2021-06-03 01:25:00,0.556
2021-06-03 01:26:00,0.556
2021-06-03 01:27:00,0.556
2021-06-03 01:28:00,0.556
2021-06-03 01:29:00,0.556
2021-06-03 01:30:00,0.556
2021-06-03 01:31:00,0.833
2021-06-03 01:32:00,0.833
2021-06-03 01:33:00,0.833
2021-06-03 01:34:00,0.833
2021-06-03 01:35:00,0.556
2021-06-03 01:36:00,0.556
2021-06-03 01:37:00,0.556
2021-06-03 01:38:00,0.556
2021-06-03 01:39:00,0.556
2021-06-03 01:40:00,0.556
2021-06-03 01:41:00,1.667
2021-06-03 01:42:00,1.667
2021-06-03 01:43:00,1.667
2021-06-03 01:44:00,1.667
2021-06-03 01:45:00,1.667
2021-06-03 01:46:00,1.667
2021-06-03 01:47:00,1.667
2021-06-03 01:48:00,1.667
2021-06-03 01:49:00,1.667
2021-06-03 01:50:00,1.667
2021-06-03 01:51:00,3.333
2021-06-03 01:52:00,1.667
2021-06-03 01:53:00,1.667
2021-06-03 01:54:00,1.111
2021-06-03 01:55:00,1.111
2021-06-03 01:56:00,1.111
2021-06-03 01:57:00,0.667
2021-06-03 01:58:00,0.667
2021-06-03 01:59:00,0.667
2021-06-03 02:00:00,0.667
2021-06-03 02:01:00,0.667
2021-06-03 02:02:00,1.111
2021-06-03 02:03:00,1.111
2021-06-03 02:04:00,1.111
2021-06-03 02:05:00,3.333
2021-06-03 02:06:00,0.667
2021-06-03 02:07:00,0.667
2021-06-03 02:08:00,0.667
2021-06-03 02:09:00,0.667
2021-06-03 02:10:00,0.667
2021-06-03 02:11:00,0.476
2021-06-03 02:12:00,0.476
2021-06-03 02:13:00,0.476
2021-06-03 02:14:00,0.476
2021-06-03 02:15:00,0.476
2021-06-03 02:16:00,0.476
2021-06-03 02:17:00,0.476
2021-06-03 02:18:00,1.111
2021-06-03 02:19:00,1.111
2021-06-03 02:20:00,1.111
2021-06-03 02:21:00,1.111
2021-06-03 02:22:00,1.111
2021-06-03 02:23:00,1.111
2021-06-03 02:24:00,1.667
2021-06-03 02:25:00,1.667
2021-06-03 02:26:00,0.833
2021-06-03 02:27:00,0.833
2021-06-03 02:28:00,0.833
2021-06-03 02:29:00,0.833
2021-06-03 02:30:00,1.111
2021-06-03 02:31:00,1.111
2021-06-03 02:32:00,1.111
2021-06-03 02:33:00,1.111
2021-06-03 02:34:00,1.111
2021-06-03 02:35:00,1.111
2021-06-03 02:36:00,1.667
2021-06-03 02:37:00,1.667
2021-06-03 02:38:00,1.111
2021-06-03 02:39:00,1.111
2021-06-03 02:40:00,1.111
2021-06-03 02:41:00,1.111
2021-06-03 02:42:00,1.111
2021-06-03 02:43:00,1.111
2021-06-03 02:44:00,1.111
2021-06-03 02:45:00,1.111
2021-06-03 02:46:00,1.111
2021-06-03 02:47:00,0.833
2021-06-03 02:48:00,0.833
2021-06-03 02:49:00,0.833
2021-06-03 02:50:00,0.833
2021-06-03 02:51:00,1.667
2021-06-03 02:52:00,1.667
2021-06-03 02:53:00,1.667
2021-06-03 02:54:00,1.667
2021-06-03 02:55:00,0.833
2021-06-03 02:56:00,0.833
2021-06-03 02:57:00,0.833
2021-06-03 02:58:00,0.833
2021-06-03 02:59:00,0.152
2021-06-03 03:00:00,0.152
2021-06-03 03:01:00,0.152
2021-06-03 03:02:00,0.152
2021-06-03 03:03:00,0.152
2021-06-03 03:04:00,0.152
2021-06-03 03:05:00,0.152
2021-06-03 03:06:00,0.152
2021-06-03 03:07:00,0.152
2021-06-03 03:08:00,0.152
2021-06-03 03:09:00,0.152
2021-06-03 03:10:00,0.152
2021-06-03 03:11:00,0.152
2021-06-03 03:12:00,0.152
2021-06-03 03:13:00,0.152
2021-06-03 03:14:00,0.152
2021-06-03 03:15:00,0.152
2021-06-03 03:16:00,0.152
2021-06-03 03:17:00,0.152
2021-06-03 03:18:00,0.152
2021-06-03 03:19:00,0.152
2021-06-03 03:20:00,0.152
2021-06-03 03:21:00,0.37
2021-06-03 03:22:00,0.37
2021-06-03 03:23:00,0.37
2021-06-03 03:24:00,0.37
2021-06-03 03:25:00,0.37
2021-06-03 03:26:00,0.37
2021-06-03 03:27:00,0.37
2021-06-03 03:28:00,0.37
2021-06-03 03:29:00,0.37
2021-06-03 06:39:00,0.0
2021-06-03 06:40:00,3.333
2021-06-03 06:41:00,0.167
2021-06-03 06:42:00,0.167
2021-06-03 06:43:00,0.167
2021-06-03 06:44:00,0.167
2021-06-03 06:45:00,0.167
2021-06-03 06:46:00,0.167
2021-06-03 06:47:00,0.167
2021-06-03 06:48:00,0.167
2021-06-03 06:49:00,0.167
2021-06-03 06:50:00,0.167
2021-06-03 06:51:00,0.167
2021-06-03 06:52:00,0.167
2021-06-03 06:53:00,0.167
2021-06-03 06:54:00,0.167
2021-06-03 06:55:00,0.167
2021-06-03 06:56:00,0.167
2021-06-03 06:57:00,0.167
2021-06-03 06:58:00,0.167
2021-06-03 06:59:00,0.167
2021-06-03 07:00:00,0.167
2021-06-04 01:20:00,0.0
2021-06-04 01:21:00,3.333
2021-06-04 01:22:00,0.159
2021-06-04 01:23:00,0.159
2021-06-04 01:24:00,0.159
2021-06-04 01:25:00,0.159
2021-06-04 01:26:00,0.159
2021-06-04 01:27:00,0.159
2021-06-04 01:28:00,0.159
2021-06-04 01:29:00,0.159
2021-06-04 01:30:00,0.159
2021-06-04 01:31:00,0.159
2021-06-04 01:32:00,0.159
2021-06-04 01:33:00,0.159
2021-06-04 01:34:00,0.159
2021-06-04 01:35:00,0.159
2021-06-04 01:36:00,0.159
2021-06-04 01:37:00,0.159
2021-06-04 01:38:00,0.159
2021-06-04 01:39:00,0.159
2021-06-04 01:40:00,0.159
2021-06-04 01:41:00,0.159
2021-06-04 01:42:00,0.159
2021-06-04 01:43:00,0.222
2021-06-04 01:44:00,0.222
2021-06-04 01:45:00,0.222
2021-06-04 01:46:00,0.222
2021-06-04 01:47:00,0.222
2021-06-04 01:48:00,0.222
2021-06-04 01:49:00,0.222
2021-06-04 01:50:00,0.222
2021-06-04 01:51:00,0.222
2021-06-04 01:52:00,0.222
2021-06-04 01:53:00,0.222
2021-06-04 01:54:00,0.222
2021-06-04 01:55:00,0.222
2021-06-04 01:56:00,0.222
2021-06-04 01:57:00,0.222
2021-06-04 01:58:00,0.476
2021-06-04 01:59:00,0.476
2021-06-04 02:00:00,0.476
2021-06-04 02:01:00,0.476
2021-06-04 02:02:00,0.476
2021-06-04 02:03:00,0.476
2021-06-04 02:04:00,0.476
2021-06-04 02:05:00,0.667
2021-06-04 02:06:00,0.667
2021-06-04 02:07:00,0.667
2021-06-04 02:08:00,0.667
2021-06-04 02:09:00,0.667
2021-06-04 02:10:00,0.222
2021-06-04 02:11:00,0.222
2021-06-04 02:12:00,0.222
2021-06-04 02:13:00,0.222
2021-06-04 02:14:00,0.222
2021-06-04 02:15:00,0.222
2021-06-04 02:16:00,0.222
2021-06-04 02:17:00,0.222
2021-06-04 02:18:00,0.222
2021-06-04 02:19:00,0.222
2021-06-04 02:20:00,0.222
2021-06-04 02:21:00,0.222
2021-06-04 02:22:00,0.222
2021-06-04 02:23:00,0.222
2021-06-04 02:24:00,0.222
2021-06-20 07:24:00,0.0
2021-06-20 07:25:00,3.333
2021-06-20 07:26:00,3.333
2021-06-20 07:27:00,10.0
2021-06-20 07:28:00,6.667
2021-06-20 07:29:00,13.333
2021-06-20 07:30:00,16.667
2021-06-20 07:31:00,10.0
2021-06-20 07:32:00,13.333
2021-06-20 07:33:00,10.0
2021-06-20 07:34:00,13.333
2021-06-20 07:35:00,6.667
2021-06-20 07:36:00,3.333
2021-06-20 07:37:00,6.667
2021-06-20 07:38:00,6.667
2021-06-20 07:39:00,1.667
2021-06-20 07:40:00,1.667
2021-06-20 07:41:00,1.667
2021-06-20 07:42:00,1.667
2021-06-20 07:43:00,1.667
2021-06-20 07:44:00,1.667
2021-06-20 07:45:00,1.111
2021-06-20 07:46:00,1.111
2021-06-20 07:47:00,1.111
2021-06-20 07:48:00,0.833
2021-06-20 07:49:00,0.833
2021-06-20 07:50:00,0.833
2021-06-20 07:51:00,0.833
2021-06-20 07:52:00,3.333
2021-06-20 07:53:00,0.667
2021-06-20 07:54:00,0.667
2021-06-20 07:55:00,0.667
2021-06-20 07:56:00,0.667
2021-06-20 07:57:00,0.667
2021-06-20 07:58:00,1.667
2021-06-20 07:59:00,1.667
2021-06-20 08:00:00,10.0
2021-06-20 08:01:00,6.667
2021-06-20 08:02:00,3.333
2021-06-20 08:03:00,3.333
2021-06-20 08:04:00,1.667
2021-06-20 08:05:00,1.667
2021-06-20 08:06:00,6.667
2021-06-20 08:07:00,6.667
2021-06-20 08:08:00,3.333
2021-06-20 08:09:00,3.333
2021-06-20 08:10:00,3.333
2021-06-20 08:11:00,3.333
2021-06-20 08:12:00,3.333
2021-06-20 08:13:00,3.333
2021-06-20 08:14:00,6.667
2021-06-20 08:15:00,1.667
2021-06-20 08:16:00,1.667
2021-06-20 08:17:00,1.111
2021-06-20 08:18:00,1.111
2021-06-20 08:19:00,1.111
2021-06-20 08:20:00,3.333
2021-06-20 08:21:00,1.667
2021-06-20 08:22:00,1.667
2021-06-20 08:23:00,1.667
2021-06-20 08:24:00,1.667
2021-06-20 08:25:00,0.833
2021-06-20 08:26:00,0.833
2021-06-20 08:27:00,0.833
2021-06-20 08:28:00,0.833
2021-06-20 08:29:00,1.111
2021-06-20 08:30:00,1.111
2021-06-20 08:31:00,1.111
2021-06-20 08:32:00,0.185
2021-06-20 08:33:00,0.185
2021-06-20 08:34:00,0.185
2021-06-20 08:35:00,0.185
2021-06-20 08:36:00,0.185
2021-06-20 08:37:00,0.185
2021-06-20 08:38:00,0.185
2021-06-20 08:39:00,0.185
2021-06-20 08:40:00,0.185
2021-06-20 08:41:00,0.185
2021-06-20 08:42:00,0.185
2021-06-20 08:43:00,0.185
2021-06-20 08:44:00,0.185
2021-06-20 08:45:00,0.185
2021-06-20 08:46:00,0.185
2021-06-20 08:47:00,0.185
2021-06-20 08:48:00,0.185
2021-06-20 08:49:00,0.185
2021-06-21 06:58:00,0.0
2021-06-21 06:59:00,3.333
2021-06-21 07:00:00,0.476
2021-06-21 07:01:00,0.476
2021-06-21 07:02:00,0.476
2021-06-21 07:03:00,0.476
2021-06-21 07:04:00,0.476
2021-06-21 07:05:00,0.476
2021-06-21 07:06:00,0.476
2021-06-21 07:07:00,0.833
2021-06-21 07:08:00,0.833
2021-06-21 07:09:00,0.833
2021-06-21 07:10:00,0.833
2021-06-21 07:11:00,0.667
2021-06-21 07:12:00,0.667
2021-06-21 07:13:00,0.667
2021-06-21 07:14:00,0.667
2021-06-21 07:15:00,0.667
2021-06-21 07:16:00,0.833
2021-06-21 07:17:00,0.833
2021-06-21 07:18:00,0.833
2021-06-21 07:19:00,0.833
2021-06-21 07:20:00,0.667
2021-06-21 07:21:00,0.667
2021-06-21 07:22:00,0.667
2021-06-21 07:23:00,0.667
2021-06-21 07:24:00,0.667
2021-06-21 07:25:00,0.833
2021-06-21 07:26:00,0.833
2021-06-21 07:27:00,0.833
2021-06-21 07:28:00,0.833
2021-06-21 07:29:00,0.556
2021-06-21 07:30:00,0.556
2021-06-21 07:31:00,0.556
2021-06-21 07:32:00,0.556
2021-06-21 07:33:00,0.556
2021-06-21 07:34:00,0.556
2021-06-21 07:35:00,0.208
2021-06-21 07:36:00,0.208
2021-06-21 07:37:00,0.208
2021-06-21 07:38:00,0.208
2021-06-21 07:39:00,0.208
2021-06-21 07:40:00,0.208
2021-06-21 07:41:00,0.208
2021-06-21 07:42:00,0.208
2021-06-21 07:43:00,0.208
2021-06-21 07:44:00,0.208
2021-06-21 07:45:00,0.208
2021-06-21 07:46:00,0.208
2021-06-21 07:47:00,0.208
2021-06-21 07:48:00,0.208
2021-06-21 07:49:00,0.208
2021-06-21 07:50:00,0.208
2021-06-21 07:51:00,0.476
2021-06-21 07:52:00,0.476
2021-06-21 07:53:00,0.476
2021-06-21 07:54:00,0.476
2021-06-21 07:55:00,0.476
2021-06-21 07:56:00,0.476
2021-06-21 07:57:00,0.476
2021-06-21 07:58:00,0.833
2021-06-21 07:59:00,0.833
2021-06-21 08:00:00,0.833
2021-06-21 08:01:00,0.833
2021-06-21 08:02:00,0.667
2021-06-21 08:03:00,0.667
2021-06-21 08:04:00,0.667
2021-06-21 08:05:00,0.667
2021-06-21 08:06:00,0.667
2021-06-21 08:07:00,0.556
2021-06-21 08:08:00,0.556
2021-06-21 08:09:00,0.556
2021-06-21 08:10:00,0.556
2021-06-21 08:11:00,0.556
2021-06-21 08:12:00,0.556
2021-06-21 08:13:00,0.152
2021-06-21 08:14:00,0.152
2021-06-21 08:15:00,0.152
2021-06-21 08:16:00,0.152
2021-06-21 08:17:00,0.152
2021-06-21 08:18:00,0.152
2021-06-21 08:19:00,0.152
2021-06-21 08:20:00,0.152
2021-06-21 08:21:00,0.152
2021-06-21 08:22:00,0.152
2021-06-21 08:23:00,0.152
2021-06-21 08:24:00,0.152
2021-06-21 08:25:00,0.152
2021-06-21 08:26:00,0.152
2021-06-21 08:27:00,0.152
2021-06-21 08:28:00,0.152
2021-06-21 08:29:00,0.152
2021-06-21 08:30:00,0.152
2021-06-21 08:31:00,0.152
2021-06-21 08:32:00,0.152
2021-06-21 08:33:00,0.152
2021-06-21 08:34:00,0.152
2021-06-21 08:35:00,0.185
2021-06-21 08:36:00,0.185
2021-06-21 08:37:00,0.185
2021-06-21 08:38:00,0.185
2021-06-21 08:39:00,0.185
2021-06-21 08:40:00,0.185
2021-06-21 08:41:00,0.185
2021-06-21 08:42:00,0.185
2021-06-21 08:43:00,0.185
2021-06-21 08:44:00,0.185
2021-06-21 08:45:00,0.185
2021-06-21 08:46:00,0.185
2021-06-21 08:47:00,0.185
2021-06-21 08:48:00,0.185
2021-06-21 08:49:00,0.185
2021-06-21 08:50:00,0.185
2021-06-21 08:51:00,0.185
2021-06-21 08:52:00,0.185
2021-06-21 08:53:00,0.333
2021-06-21 08:54:00,0.333
2021-06-21 08:55:00,0.333
2021-06-21 08:56:00,0.333
2021-06-21 08:57:00,0.333
2021-06-21 08:58:00,0.333
2021-06-21 08:59:00,0.333
2021-06-21 09:00:00,0.333
2021-06-21 09:01:00,0.333
2021-06-21 09:02:00,0.333
2021-06-21 09:03:00,0.476
2021-06-21 09:04:00,0.476
2021-06-21 09:05:00,0.476
2021-06-21 09:06:00,0.476
2021-06-21 09:07:00,0.476
2021-06-21 09:08:00,0.476
2021-06-21 09:09:00,0.476
2021-06-21 09:10:00,0.476
2021-06-21 09:11:00,0.476
2021-06-21 09:12:00,0.476
2021-06-21 09:13:00,0.476
2021-06-21 09:14:00,0.476
2021-06-21 09:15:00,0.476
2021-06-21 09:16:00,0.476
2021-06-21 09:17:00,0.476
2021-06-21 09:18:00,0.476
2021-06-21 09:19:00,0.476
2021-06-21 09:20:00,0.476
2021-06-21 09:21:00,0.476
2021-06-21 09:22:00,0.476
2021-06-21 09:23:00,0.476
2021-06-21 09:24:00,0.417
2021-06-21 09:25:00,0.417
2021-06-21 09:26:00,0.417
2021-06-21 09:27:00,0.417
2021-06-21 09:28:00,0.417
2021-06-21 09:29:00,0.417
2021-06-21 09:30:00,0.417
2021-06-21 09:31:00,0.417
2021-06-21 09:32:00,0.556
2021-06-21 09:33:00,0.556
2021-06-21 09:34:00,0.556
2021-06-21 09:35:00,0.556
2021-06-21 09:36:00,0.556
2021-06-21 09:37:00,0.556
2021-06-21 09:38:00,0.833
2021-06-21 09:39:00,0.833
2021-06-21 09:40:00,0.833
2021-06-21 09:41:00,0.833
2021-06-21 09:42:00,0.667
2021-06-21 09:43:00,0.667
2021-06-21 09:44:00,0.667
2021-06-21 09:45:00,0.667
2021-06-21 09:46:00,0.667
2021-06-21 09:47:00,0.556
2021-06-21 09:48:00,0.556
2021-06-21 09:49:00,0.556
2021-06-21 09:50:00,0.556
2021-06-21 09:51:00,0.556
2021-06-21 09:52:00,0.556
2021-06-21 09:53:00,0.833
2021-06-21 09:54:00,0.833
2021-06-21 09:55:00,0.833
2021-06-21 09:56:00,0.833
2021-06-21 09:57:00,0.833
2021-06-21 09:58:00,0.833
2021-06-21 09:59:00,0.833
2021-06-21 10:00:00,0.833
2021-06-21 10:01:00,0.833
2021-06-21 10:02:00,0.833
2021-06-21 10:03:00,0.833
2021-06-21 10:04:00,0.833
2021-06-21 10:05:00,0.476
2021-06-21 10:06:00,0.476
2021-06-21 10:07:00,0.476
2021-06-21 10:08:00,0.476
2021-06-21 10:09:00,0.476
2021-06-21 10:10:00,0.476
2021-06-21 10:11:00,0.476
2021-06-21 10:12:00,0.476
2021-06-21 10:13:00,0.476
2021-06-21 10:14:00,0.476
2021-06-21 10:15:00,0.476
2021-06-21 10:16:00,0.476
2021-06-21 10:17:00,0.476
2021-06-21 10:18:00,0.476
2021-06-21 10:19:00,0.833
2021-06-21 10:20:00,0.833
2021-06-21 10:21:00,0.833
2021-06-21 10:22:00,0.833
2021-06-21 10:23:00,1.667
2021-06-21 10:24:00,1.667
2021-06-21 10:25:00,1.667
2021-06-21 10:26:00,1.667
2021-06-21 10:27:00,1.667
2021-06-21 10:28:00,1.667
2021-06-21 10:29:00,1.111
2021-06-21 10:30:00,1.111
2021-06-21 10:31:00,1.111
2021-06-21 10:32:00,1.111
2021-06-21 10:33:00,1.111
2021-06-21 10:34:00,1.111
2021-06-21 10:35:00,1.667
2021-06-21 10:36:00,1.667
2021-06-21 10:37:00,3.333
2021-06-21 10:38:00,1.667
2021-06-21 10:39:00,1.667
2021-06-21 10:40:00,1.667
2021-06-21 10:41:00,1.667
2021-06-21 10:42:00,3.333
2021-06-21 10:43:00,1.667
2021-06-21 10:44:00,1.667
2021-06-21 10:45:00,1.111
2021-06-21 10:46:00,1.111
2021-06-21 10:47:00,1.111
2021-06-21 10:48:00,3.333
2021-06-21 10:49:00,1.667
2021-06-21 10:50:00,1.667
2021-06-21 10:51:00,1.667
2021-06-21 10:52:00,1.667
2021-06-21 10:53:00,3.333
2021-06-21 10:54:00,1.111
2021-06-21 10:55:00,1.111
2021-06-21 10:56:00,1.111
2021-06-21 10:57:00,1.111
2021-06-21 10:58:00,1.111
2021-06-21 10:59:00,1.111
2021-06-21 11:00:00,1.111
2021-06-21 11:01:00,1.111
2021-06-21 11:02:00,1.111
2021-06-21 11:03:00,3.333
2021-06-21 11:04:00,3.333
2021-06-21 11:05:00,1.667
2021-06-21 11:06:00,1.667
2021-06-21 11:07:00,3.333
2021-06-21 11:08:00,1.667
2021-06-21 11:09:00,1.667
2021-06-21 11:10:00,3.333
2021-06-21 11:11:00,3.333
2021-06-21 11:12:00,3.333
2021-06-21 11:13:00,1.667
2021-06-21 11:14:00,1.667
2021-06-21 11:15:00,3.333
2021-06-21 11:16:00,1.667
2021-06-21 11:17:00,1.667
2021-06-21 11:18:00,3.333
2021-06-21 11:19:00,3.333
2021-06-21 11:20:00,1.667
2021-06-21 11:21:00,1.667
2021-06-21 11:22:00,1.667
2021-06-21 11:23:00,1.667
2021-06-21 11:24:00,1.111
2021-06-21 11:25:00,1.111
2021-06-21 11:26:00,1.111
2021-06-21 11:27:00,1.667
2021-06-21 11:28:00,1.667
2021-06-21 11:29:00,3.333
2021-06-21 11:30:00,1.111
2021-06-21 11:31:00,1.111
2021-06-21 11:32:00,1.111
2021-06-21 11:33:00,0.417
2021-06-21 11:34:00,0.417
2021-06-21 11:35:00,0.417
2021-06-21 11:36:00,0.417
2021-06-21 11:37:00,0.417
2021-06-21 11:38:00,0.417
2021-06-21 11:39:00,0.417
2021-06-21 11:40:00,0.417
2021-06-21 11:41:00,0.074
2021-06-21 11:42:00,0.074
2021-06-21 11:43:00,0.074
2021-06-21 11:44:00,0.074
2021-06-21 11:45:00,0.074
2021-06-21 11:46:00,0.074
2021-06-21 11:47:00,0.074
2021-06-21 11:48:00,0.074
2021-06-21 11:49:00,0.074
2021-06-21 11:50:00,0.074
2021-06-21 11:51:00,0.074
2021-06-21 11:52:00,0.074
2021-06-21 11:53:00,0.074
2021-06-21 11:54:00,0.074
2021-06-21 11:55:00,0.074
2021-06-21 11:56:00,0.074
2021-06-21 11:57:00,0.074
2021-06-21 11:58:00,0.074
2021-06-21 11:59:00,0.074
2021-06-21 12:00:00,0.074
2021-06-21 12:01:00,0.074
2021-06-21 12:02:00,0.074
2021-06-21 12:03:00,0.074
2021-06-21 12:04:00,0.074
2021-06-21 12:05:00,0.074
2021-06-21 12:06:00,0.074
2021-06-21 12:07:00,0.074
2021-06-21 12:08:00,0.074
2021-06-21 12:09:00,0.074
2021-06-21 12:10:00,0.074
2021-06-21 12:11:00,0.074
2021-06-21 12:12:00,0.074
2021-06-21 12:13:00,0.074
2021-06-21 12:14:00,0.074
2021-06-21 12:15:00,0.074
2021-06-21 12:16:00,0.074
2021-06-21 12:17:00,0.074
2021-06-21 12:18:00,0.074
2021-06-21 12:19:00,0.074
2021-06-21 12:20:00,0.074
2021-06-21 12:21:00,0.074
2021-06-21 12:22:00,0.074
2021-06-21 12:23:00,0.074
2021-06-21 12:24:00,0.074
2021-06-21 12:25:00,0.074
2021-06-21 12:26:00,0.556
2021-06-21 12:27:00,0.556
2021-06-21 12:28:00,0.556
2021-06-21 12:29:00,0.556
2021-06-21 12:30:00,0.556
2021-06-21 12:31:00,0.556
2021-06-21 12:32:00,0.152
2021-06-21 12:33:00,0.152
2021-06-21 12:34:00,0.152
2021-06-21 12:35:00,0.152
2021-06-21 12:36:00,0.152
2021-06-21 12:37:00,0.152
2021-06-21 12:38:00,0.152
2021-06-21 12:39:00,0.152
2021-06-21 12:40:00,0.152
2021-06-21 12:41:00,0.152
2021-06-21 12:42:00,0.152
2021-06-21 12:43:00,0.152
2021-06-21 12:44:00,0.152
2021-06-21 12:45:00,0.152
2021-06-21 12:46:00,0.152
2021-06-21 12:47:00,0.152
2021-06-21 12:48:00,0.152
2021-06-21 12:49:00,0.152
2021-06-21 12:50:00,0.152
2021-06-21 12:51:00,0.152
2021-06-21 12:52:00,0.152
2021-06-21 12:53:00,0.152
2021-06-21 12:54:00,0.556
2021-06-21 12:55:00,0.556
2021-06-21 12:56:00,0.556
2021-06-21 12:57:00,0.556
2021-06-21 12:58:00,0.556
2021-06-21 12:59:00,0.556
2021-06-21 13:00:00,0.667
2021-06-21 13:01:00,0.667
2021-06-21 13:02:00,0.667
2021-06-21 13:03:00,0.667
2021-06-21 13:04:00,0.667
2021-06-21 13:05:00,1.667
2021-06-21 13:06:00,1.667
2021-06-21 13:07:00,0.476
2021-06-21 13:08:00,0.476
2021-06-21 13:09:00,0.476
2021-06-21 13:10:00,0.476
2021-06-21 13:11:00,0.476
2021-06-21 13:12:00,0.476
2021-06-21 13:13:00,0.476
2021-06-21 13:14:00,0.256
2021-06-21 13:15:00,0.256
2021-06-21 13:16:00,0.256
2021-06-21 13:17:00,0.256
2021-06-21 13:18:00,0.256
2021-06-21 13:19:00,0.256
2021-06-21 13:20:00,0.256
2021-06-21 13:21:00,0.256
2021-06-21 13:22:00,0.256
2021-06-21 13:23:00,0.256
2021-06-21 13:24:00,0.256
2021-06-21 13:25:00,0.256
2021-06-21 13:26:00,0.256
2021-06-21 13:27:00,1.667
2021-06-21 13:28:00,1.667
2021-06-21 13:29:00,1.667
2021-06-21 13:30:00,1.667
2021-06-21 13:31:00,1.667
2021-06-21 13:32:00,1.667
2021-06-21 13:33:00,1.111
2021-06-21 13:34:00,1.111
2021-06-21 13:35:00,1.111
2021-06-21 13:36:00,1.111
2021-06-21 13:37:00,1.111
2021-06-21 13:38:00,1.111
2021-06-21 13:39:00,1.111
2021-06-21 13:40:00,1.111
2021-06-21 13:41:00,1.111
2021-06-21 13:42:00,0.667
2021-06-21 13:43:00,0.667
2021-06-21 13:44:00,0.667
2021-06-21 13:45:00,0.667
2021-06-21 13:46:00,0.667
2021-06-21 13:47:00,0.833
2021-06-21 13:48:00,0.833
2021-06-21 13:49:00,0.833
2021-06-21 13:50:00,0.833
2021-06-21 13:51:00,0.556
2021-06-21 13:52:00,0.556
2021-06-21 13:53:00,0.556
2021-06-21 13:54:00,0.556
2021-06-21 13:55:00,0.556
2021-06-21 13:56:00,0.556
2021-06-21 13:57:00,0.417
2021-06-21 13:58:00,0.417
2021-06-21 13:59:00,0.417
2021-06-21 14:00:00,0.417
2021-06-21 14:01:00,0.417
2021-06-21 14:02:00,0.417
2021-06-21 14:03:00,0.417
2021-06-21 14:04:00,0.417
2021-06-21 14:05:00,0.476
2021-06-21 14:06:00,0.476
2021-06-21 14:07:00,0.476
2021-06-21 14:08:00,0.476
2021-06-21 14:09:00,0.476
2021-06-21 14:10:00,0.476
2021-06-21 14:11:00,0.476
2021-06-21 14:12:00,0.37
2021-06-21 14:13:00,0.37
2021-06-21 14:14:00,0.37
2021-06-21 14:15:00,0.37
2021-06-21 14:16:00,0.37
2021-06-21 14:17:00,0.37
2021-06-21 14:18:00,0.37
2021-06-21 14:19:00,0.37
2021-06-21 14:20:00,0.37
2021-06-21 14:21:00,0.417
2021-06-21 14:22:00,0.417
2021-06-21 14:23:00,0.417
2021-06-21 14:24:00,0.417
2021-06-21 14:25:00,0.417
2021-06-21 14:26:00,0.417
2021-06-21 14:27:00,0.417
2021-06-21 14:28:00,0.417
2021-06-21 14:29:00,0.476
2021-06-21 14:30:00,0.476
2021-06-21 14:31:00,0.476
2021-06-21 14:32:00,0.476
2021-06-21 14:33:00,0.476
2021-06-21 14:34:00,0.476
2021-06-21 14:35:00,0.476
2021-06-21 14:36:00,0.303
2021-06-21 14:37:00,0.303
2021-06-21 14:38:00,0.303
2021-06-21 14:39:00,0.303
2021-06-21 14:40:00,0.303
2021-06-21 14:41:00,0.303
2021-06-21 14:42:00,0.303
2021-06-21 14:43:00,0.303
2021-06-21 14:44:00,0.303
2021-06-21 14:45:00,0.303
2021-06-21 14:46:00,0.303
2021-06-21 14:47:00,0.208
2021-06-21 14:48:00,0.208
2021-06-21 14:49:00,0.208
2021-06-21 14:50:00,0.208
2021-06-21 14:51:00,0.208
2021-06-21 14:52:00,0.208
2021-06-21 14:53:00,0.208
2021-06-21 14:54:00,0.208
2021-06-21 14:55:00,0.208
2021-06-21 14:56:00,0.208
2021-06-21 14:57:00,0.208
2021-06-21 14:58:00,0.208
2021-06-21 14:59:00,0.208
2021-06-21 15:00:00,0.208
2021-06-21 15:01:00,0.208
2021-06-21 15:02:00,0.208
2021-06-21 15:03:00,0.208
2021-06-21 15:04:00,0.208
2021-06-21 15:05:00,0.208
2021-06-21 15:06:00,0.208
2021-06-21 15:07:00,0.208
2021-06-21 15:08:00,0.208
2021-06-21 15:09:00,0.208
2021-06-21 15:10:00,0.208
2021-06-21 15:11:00,0.208
2021-06-21 15:12:00,0.208
2021-06-21 15:13:00,0.208
2021-06-21 15:14:00,0.208
2021-06-21 15:15:00,0.208
2021-06-21 15:16:00,0.208
2021-06-21 15:17:00,0.208
2021-06-21 15:18:00,0.208
2021-06-21 15:19:00,0.175
2021-06-21 15:20:00,0.175
2021-06-21 15:21:00,0.175
2021-06-21 15:22:00,0.175
2021-06-21 15:23:00,0.175
2021-06-21 15:24:00,0.175
2021-06-21 15:25:00,0.175
2021-06-21 15:26:00,0.175
2021-06-21 15:27:00,0.175
2021-06-21 15:28:00,0.175
2021-06-21 15:29:00,0.175
2021-06-21 15:30:00,0.175
2021-06-21 15:31:00,0.175
2021-06-21 15:32:00,0.175
2021-06-21 15:33:00,0.175
2021-06-21 15:34:00,0.175
2021-06-21 15:35:00,0.175
2021-06-21 15:36:00,0.175
2021-06-21 15:37:00,0.175
2021-06-30 11:06:00,0.0
2021-06-30 11:07:00,3.333
2021-06-30 11:08:00,1.667
2021-06-30 11:09:00,1.667
2021-06-30 11:10:00,3.333
2021-06-30 11:11:00,3.333
2021-06-30 11:12:00,1.667
2021-06-30 11:13:00,1.667
2021-06-30 11:14:00,3.333
2021-06-30 11:15:00,3.333
2021-06-30 11:16:00,3.333
2021-06-30 11:17:00,3.333
2021-06-30 11:18:00,3.333
2021-06-30 11:19:00,1.667
2021-06-30 11:20:00,1.667
2021-06-30 11:21:00,1.667
2021-06-30 11:22:00,1.667
2021-06-30 11:23:00,1.667
2021-06-30 11:24:00,1.667
2021-06-30 11:25:00,3.333
2021-06-30 11:26:00,1.667
2021-06-30 11:27:00,1.667
2021-06-30 11:28:00,3.333
2021-06-30 11:29:00,1.111
2021-06-30 11:30:00,1.111
2021-06-30 11:31:00,1.111
2021-06-30 11:32:00,3.333
2021-06-30 11:33:00,0.833
2021-06-30 11:34:00,0.833
2021-06-30 11:35:00,0.833
2021-06-30 11:36:00,0.833
2021-06-30 11:37:00,0.064
2021-06-30 11:38:00,0.064
2021-06-30 11:39:00,0.064
2021-06-30 11:40:00,0.064
2021-06-30 11:41:00,0.064
2021-06-30 11:42:00,0.064
2021-06-30 11:43:00,0.064
2021-06-30 11:44:00,0.064
2021-06-30 11:45:00,0.064
2021-06-30 11:46:00,0.064
2021-06-30 11:47:00,0.064
2021-06-30 11:48:00,0.064
2021-06-30 11:49:00,0.064
2021-06-30 11:50:00,0.064
2021-06-30 11:51:00,0.064
2021-06-30 11:52:00,0.064
2021-06-30 11:53:00,0.064
2021-06-30 11:54:00,0.064
2021-06-30 11:55:00,0.064
2021-06-30 11:56:00,0.064
2021-06-30 11:57:00,0.064
2021-06-30 11:58:00,0.064
2021-06-30 11:59:00,0.064
2021-06-30 12:00:00,0.064
2021-06-30 12:01:00,0.064
2021-06-30 12:02:00,0.064
2021-06-30 12:03:00,0.064
2021-06-30 12:04:00,0.064
2021-06-30 12:05:00,0.064
2021-06-30 12:06:00,0.064
2021-06-30 12:07:00,0.064
2021-06-30 12:08:00,0.064
2021-06-30 12:09:00,0.064
2021-06-30 12:10:00,0.064
2021-06-30 12:11:00,0.064
2021-06-30 12:12:00,0.064
2021-06-30 12:13:00,0.064
2021-06-30 12:14:00,0.064
2021-06-30 12:15:00,0.064
2021-06-30 12:16:00,0.064
2021-06-30 12:17:00,0.064
2021-06-30 12:18:00,0.064
2021-06-30 12:19:00,0.064
2021-06-30 12:20:00,0.064
2021-06-30 12:21:00,0.064
2021-06-30 12:22:00,0.064
2021-06-30 12:23:00,0.064
2021-06-30 12:24:00,0.064
2021-06-30 12:25:00,0.064
2021-06-30 12:26:00,0.064
2021-06-30 12:27:00,0.064
2021-06-30 12:28:00,0.064
2021-06-30 12:29:00,3.333
2021-06-30 12:30:00,1.667
2021-06-30 12:31:00,1.667
2021-06-30 12:32:00,6.667
2021-06-30 12:33:00,3.333
2021-06-30 12:34:00,3.333
2021-06-30 12:35:00,3.333
2021-06-30 12:36:00,3.333
2021-06-30 12:37:00,3.333
2021-06-30 12:38:00,0.833
2021-06-30 12:39:00,0.833
2021-06-30 12:40:00,0.833
2021-06-30 12:41:00,0.833
2021-06-30 12:42:00,0.476
2021-06-30 12:43:00,0.476
2021-06-30 12:44:00,0.476
2021-06-30 12:45:00,0.476
2021-06-30 12:46:00,0.476
2021-06-30 12:47:00,0.476
2021-06-30 12:48:00,0.476
2021-06-30 12:49:00,0.667
2021-06-30 12:50:00,0.667
2021-06-30 12:51:00,0.667
2021-06-30 12:52:00,0.667
2021-06-30 12:53:00,0.667
2021-06-30 12:54:00,0.833
2021-06-30 12:55:00,0.833
2021-06-30 12:56:00,0.833
2021-06-30 12:57:00,0.833
2021-06-30 12:58:00,0.667
2021-06-30 12:59:00,0.667
2021-06-30 13:00:00,0.667
2021-06-30 13:01:00,0.667
2021-06-30 13:02:00,0.667
2021-06-30 13:03:00,1.111
2021-06-30 13:04:00,1.111
2021-06-30 13:05:00,1.111
2021-06-30 13:06:00,0.37
2021-06-30 13:07:00,0.37
2021-06-30 13:08:00,0.37
2021-06-30 13:09:00,0.37
2021-06-30 13:10:00,0.37
2021-06-30 13:11:00,0.37
2021-06-30 13:12:00,0.37
2021-06-30 13:13:00,0.37
2021-06-30 13:14:00,0.37
2021-06-30 13:15:00,0.833
2021-06-30 13:16:00,0.833
2021-06-30 13:17:00,0.833
2021-06-30 13:18:00,0.833
2021-06-30 13:19:00,0.556
2021-06-30 13:20:00,0.556
2021-06-30 13:21:00,0.556
2021-06-30 13:22:00,0.556
2021-06-30 13:23:00,0.556
2021-06-30 13:24:00,0.556
2021-06-30 13:25:00,0.476
2021-06-30 13:26:00,0.476
2021-06-30 13:27:00,0.476
2021-06-30 13:28:00,0.476
2021-06-30 13:29:00,0.476
2021-06-30 13:30:00,0.476
2021-06-30 13:31:00,0.476
2021-06-30 13:32:00,0.476
2021-06-30 13:33:00,0.476
2021-06-30 13:34:00,0.476
2021-06-30 13:35:00,0.476
2021-06-30 13:36:00,0.476
2021-06-30 13:37:00,0.476
2021-06-30 13:38:00,0.476
2021-06-30 13:39:00,0.667
2021-06-30 13:40:00,0.667
2021-06-30 13:41:00,0.667
2021-06-30 13:42:00,0.667
2021-06-30 13:43:00,0.667
2021-06-30 13:44:00,0.833
2021-06-30 13:45:00,0.833
2021-06-30 13:46:00,0.833
2021-06-30 13:47:00,0.833
2021-06-30 13:48:00,0.238
2021-06-30 13:49:00,0.238
2021-06-30 13:50:00,0.238
2021-06-30 13:51:00,0.238
2021-06-30 13:52:00,0.238
2021-06-30 13:53:00,0.238
2021-06-30 13:54:00,0.238
2021-06-30 13:55:00,0.238
2021-06-30 13:56:00,0.238
2021-06-30 13:57:00,0.238
2021-06-30 13:58:00,0.238
2021-06-30 13:59:00,0.238
2021-06-30 14:00:00,0.238
2021-06-30 14:01:00,0.238
2021-06-30 14:02:00,0.417
2021-06-30 14:03:00,0.417
2021-06-30 14:04:00,0.417
2021-06-30 14:05:00,0.417
2021-06-30 14:06:00,0.417
2021-06-30 14:07:00,0.417
2021-06-30 14:08:00,0.417
2021-06-30 14:09:00,0.417
2021-06-30 14:10:00,0.417
2021-06-30 14:11:00,0.417
2021-06-30 14:12:00,0.417
2021-06-30 14:13:00,0.417
2021-06-30 14:14:00,0.417
2021-06-30 14:15:00,0.417
2021-06-30 14:16:00,0.417
2021-06-30 14:17:00,0.417
2021-06-30 14:18:00,0.333
2021-06-30 14:19:00,0.333
2021-06-30 14:20:00,0.333
2021-06-30 14:21:00,0.333
2021-06-30 14:22:00,0.333
2021-06-30 14:23:00,0.333
2021-06-30 14:24:00,0.333
2021-06-30 14:25:00,0.333
2021-06-30 14:26:00,0.333
2021-06-30 14:27:00,0.333
2021-06-30 14:28:00,1.111
2021-06-30 14:29:00,1.111
2021-06-30 14:30:00,1.111
2021-06-30 14:31:00,1.667
2021-06-30 14:32:00,1.667
2021-06-30 14:33:00,1.667
2021-06-30 14:34:00,1.667
2021-06-30 14:35:00,0.833
2021-06-30 14:36:00,0.833
2021-06-30 14:37:00,0.833
2021-06-30 14:38:00,0.833
2021-06-30 14:39:00,1.111
2021-06-30 14:40:00,1.111
2021-06-30 14:41:00,1.111
2021-06-30 14:42:00,0.833
2021-06-30 14:43:00,0.833
2021-06-30 14:44:00,0.833
2021-06-30 14:45:00,0.833
2021-06-30 14:46:00,1.667
2021-06-30 14:47:00,1.667
2021-06-30 14:48:00,0.833
2021-06-30 14:49:00,0.833
2021-06-30 14:50:00,0.833
2021-06-30 14:51:00,0.833
2021-06-30 14:52:00,0.667
2021-06-30 14:53:00,0.667
2021-06-30 14:54:00,0.667
2021-06-30 14:55:00,0.667
2021-06-30 14:56:00,0.667
2021-06-30 14:57:00,0.833
2021-06-30 14:58:00,0.833
2021-06-30 14:59:00,0.833
2021-06-30 15:00:00,0.833
2021-06-30 15:01:00,1.111
2021-06-30 15:02:00,1.111
2021-06-30 15:03:00,1.111
2021-06-30 15:04:00,0.476
2021-06-30 15:05:00,0.476
2021-06-30 15:06:00,0.476
2021-06-30 15:07:00,0.476
2021-06-30 15:08:00,0.476
2021-06-30 15:09:00,0.476
2021-06-30 15:10:00,0.476
2021-06-30 15:11:00,0.185
2021-06-30 15:12:00,0.185
2021-06-30 15:13:00,0.185
2021-06-30 15:14:00,0.185
2021-06-30 15:15:00,0.185
2021-06-30 15:16:00,0.185
2021-06-30 15:17:00,0.185
2021-06-30 15:18:00,0.185
2021-06-30 15:19:00,0.185
2021-06-30 15:20:00,0.185
2021-06-30 15:21:00,0.185
2021-06-30 15:22:00,0.185
2021-06-30 15:23:00,0.185
2021-06-30 15:24:00,0.185
2021-06-30 15:25:00,0.185
2021-06-30 15:26:00,0.185
2021-06-30 15:27:00,0.185
2021-06-30 15:28:00,0.185
2021-06-30 15:29:00,0.145
2021-06-30 15:30:00,0.145
2021-06-30 15:31:00,0.145
2021-06-30 15:32:00,0.145
2021-06-30 15:33:00,0.145
2021-06-30 15:34:00,0.145
2021-06-30 15:35:00,0.145
2021-06-30 15:36:00,0.145
2021-06-30 15:37:00,0.145
2021-06-30 15:38:00,0.145
2021-06-30 15:39:00,0.145
2021-06-30 15:40:00,0.145
2021-06-30 15:41:00,0.145
2021-06-30 15:42:00,0.145
2021-06-30 15:43:00,0.145
2021-06-30 15:44:00,0.145
2021-06-30 15:45:00,0.145
2021-06-30 15:46:00,0.145
2021-06-30 15:47:00,0.145
2021-06-30 15:48:00,0.145
2021-06-30 15:49:00,0.145
2021-06-30 15:50:00,0.145
2021-06-30 15:51:00,0.145
2021-06-30 15:52:00,0.556
2021-06-30 15:53:00,0.556
2021-06-30 15:54:00,0.556
2021-06-30 15:55:00,0.556
2021-06-30 15:56:00,0.556
2021-06-30 15:57:00,0.556
2021-06-30 15:58:00,1.111
2021-06-30 15:59:00,1.111
2021-06-30 16:00:00,1.111
2021-06-30 16:01:00,1.111
2021-06-30 16:02:00,1.111
2021-06-30 16:03:00,1.111
2021-06-30 16:04:00,1.111
2021-06-30 16:05:00,1.111
2021-06-30 16:06:00,1.111
2021-06-30 16:07:00,0.833
2021-06-30 16:08:00,0.833
2021-06-30 16:09:00,0.833
2021-06-30 16:10:00,0.833
2021-06-30 16:11:00,0.667
2021-06-30 16:12:00,0.667
2021-06-30 16:13:00,0.667
2021-06-30 16:14:00,0.667
2021-06-30 16:15:00,0.667
2021-06-30 16:16:00,0.417
2021-06-30 16:17:00,0.417
2021-06-30 16:18:00,0.417
2021-06-30 16:19:00,0.417
2021-06-30 16:20:00,0.417
2021-06-30 16:21:00,0.417
2021-06-30 16:22:00,0.417
2021-06-30 16:23:00,0.417
2021-06-30 16:24:00,0.667
2021-06-30 16:25:00,0.667
2021-06-30 16:26:00,0.667
2021-06-30 16:27:00,0.667
2021-06-30 16:28:00,0.667
2021-06-30 16:29:00,0.667
2021-06-30 16:30:00,0.667
2021-06-30 16:31:00,0.667
2021-06-30 16:32:00,0.667
2021-06-30 16:33:00,0.667
2021-06-30 16:34:00,0.333
2021-06-30 16:35:00,0.333
2021-06-30 16:36:00,0.333
2021-06-30 16:37:00,0.333
2021-06-30 16:38:00,0.333
2021-06-30 16:39:00,0.333
2021-06-30 16:40:00,0.333
2021-06-30 16:41:00,0.333
2021-06-30 16:42:00,0.333
2021-06-30 16:43:00,0.333
